[
  {
    "id": 1,
    "titulo": "Terno",
    "precio": 60,
    "descripcion": "Terno Celeste con crop top",
    "imagen": "assets/img/Ternoceleste.jpg",
    "categoria": "Ternos",
    "subcategoria": "Tres piezas"
  },
  {
    "id": 2,
    "titulo": "Vestido",
    "precio": 60,
    "descripcion": "Vestido Café con corte asimétrico",
    "imagen": "assets/img/Cafe.jpg",
    "categoria": "Vestidos",
    "subcategoria": "Asimétrico"
  },
  {
    "id": 3,
    "titulo": "Conjunto",
    "precio": 60,
    "descripcion": "Conjunto Amarillo y Blusa blanca",
    "imagen": "assets/img/Pantalonamarillo.jpg",
    "categoria": "Conjuntos",
    "subcategoria": "Elegante"
  },
  {
    "id": 4,
    "titulo": "Conjunto",
    "precio": 60,
    "descripcion": "Conjunto Plomo con blusa cuello tortuga",
    "imagen": "assets/img/Plomooscuro.jpg",
    "categoria": "Conjuntos",
    "subcategoria": "Casual"
  },
  {
    "id": 5,
    "titulo": "Traje",
    "precio": 65,
    "descripcion": "Traje Oliva con corset",
    "imagen": "assets/img/Oliva.jpg",
    "categoria": "Ternos",
    "subcategoria": "Tres piezas"
  },
  {
    "id": 6,
    "titulo": "Dress Aguamarina",
    "precio": 65,
    "descripcion": "Traje Aguamarina estilo princesa",
    "imagen": "assets/img/Verdeagua.jpg",
    "categoria": "Vestidos",
    "subcategoria": "Largo"
  },
  {
    "id": 7,
    "titulo": "Dress Rosado",
    "precio": 60,
    "descripcion": "Vestido Rosado con corte clásico",
    "imagen": "assets/img/Rosado.jpg",
    "categoria": "Vestidos",
    "subcategoria": "Corto"
  },
  {
    "id": 8,
    "titulo": "Terno",
    "precio": 65,
    "descripcion": "Terno Rojo con brilos",
    "imagen": "assets/img/Ternorojo.jpg",
    "categoria": "Ternos",
    "subcategoria": "Dos piezas"
  },
  {
    "id": 9,
    "titulo": "Dress Celeste",
    "precio": 60,
    "descripcion": "Vestido Celeste con mangas largas y estilo campana",
    "imagen": "assets/img/Celeste.jpg",
    "categoria": "Vestidos",
    "subcategoria": "Corto"
  },
  {
    "id": 10,
    "titulo": "Dress Negro",
    "precio": 65,
    "descripcion": "Vestido Negro con corte corazón",
    "imagen": "assets/img/Vestidonegro.jpg",
    "categoria": "Vestidos",
    "subcategoria": "Largo"
  },
  {
    "id": 11,
    "titulo": "Chaqueta de sastre",
    "precio": 75,
    "descripcion": "Chaqueta larga y falda corta amarilla",
    "imagen": "assets/img/Guantes.jpg",
    "categoria": "Ternos",
    "subcategoria": "Dos piezas"
  },
  {
    "id": 12,
    "titulo": "Corset",
    "precio": 65,
    "descripcion": "Conjunto de chaqueta, short y corset",
    "imagen": "assets/img/Corset.jpg",
    "categoria": "Conjuntos",
    "subcategoria": "Casual"
  },
  {
    "id": 13,
    "titulo": "Falda Animal print",
    "precio": 40,
    "descripcion": "Falda larga de animal print",
    "imagen": "assets/img/Animalprint.jpg",
    "categoria": "Prendas superiores o inferiores",
    "subcategoria": "Falda"
  },
  {
    "id": 14,
    "titulo": "Dress Cafe",
    "precio": 60,
    "descripcion": "Vestido café con la parte superior formal",
    "imagen": "assets/img/Cafeclaro.jpg",
    "categoria": "Vestidos",
    "subcategoria": "Corto"
  },
  {
    "id": 15,
    "titulo": "Abrigo",
    "precio": 35,
    "descripcion": "Abrigo estilo arcoíris",
    "imagen": "assets/img/Arcoiris.jpg",
    "categoria": "Prendas superiores o inferiores",
    "subcategoria": "Abrigo o Suéter"
  },
  {
    "id": 16,
    "titulo": "Terno Lila",
    "precio": 65,
    "descripcion": "Terno de dos piezas color lila estilo semiformal",
    "imagen": "assets/img/Lila.jpg",
    "categoria": "Ternos",
    "subcategoria": "Dos piezas"
  },
  {
    "id": 17,
    "titulo": "Blusa",
    "precio": 25,
    "descripcion": "Blusa azul de mangas largas con abertura en el cuello",
    "imagen": "assets/img/Jean.jpg",
    "categoria": "Prendas superiores o inferiores",
    "subcategoria": "Blusa"
  },
  {
    "id": 18,
    "titulo": "Suéter",
    "precio": 25,
    "descripcion": "Suéter verde estilo strapless",
    "imagen": "assets/img/Verdelimon.jpg",
    "categoria": "Prendas superiores o inferiores",
    "subcategoria": "Abrigo o Suéter"
  },
  {
    "id": 19,
    "titulo": "Pantalón",
    "precio": 35,
    "descripcion": "Pantalón naranja estilo campana",
    "imagen": "assets/img/Blusa.jpg",
    "categoria": "Prendas superiores o inferiores",
    "subcategoria": "Pantalón"
  },
  {
    "id": 20,
    "titulo": "Terno",
    "precio": 65,
    "descripcion": "Blusa mangas largas estilo sastre y falda asimétrica",
    "imagen": "assets/img/Faldaplizada.jpg",
    "categoria": "Ternos",
    "subcategoria": "Dos piezas"
  }
]